Country,1960,1961,1962,1963,1964,1965,1966,1967,1968,1969,1970,1971,1972,1973,1974,1975,1976,1977,1978,1979,1980,1981,1982,1983,1984,1985,1986,1987,1988,1989,1990,1991,1992,1993,1994,1995,1996,1997,1998,1999,2000,2001,2002,2003,2004,2005,2006,2007,2008,2009,2010,2011,2012,2013,2014,2015,2016,2017,2018,2019,2020,2021,2022
Australia,   3.45,   3.55,   3.43,   3.34,   3.15,   2.97,   2.89,   2.85,   2.89,   2.89,   2.86,   2.95,   2.74,   2.49,   2.32,   2.15,   2.06,   2.01,   1.95,   1.91,   1.89,   1.94,   1.93,   1.92,   1.84,   1.92,   1.87,   1.85,   1.83,   1.84,   1.9,   1.85,   1.89,   1.86,   1.84,   1.82,   1.8,   1.78,   1.76,   1.76,   1.76,   1.73,   1.77,   1.77,   1.78,   1.85,   1.88,   1.99,   2.02,   1.97,   1.95,   1.92,   1.93,   1.88,   1.79,   1.79,   1.79,   1.74,   1.74,   1.67,   1.59,   1.7,
Austria,   2.69,   2.78,   2.8,   2.82,   2.79,   2.7,   2.66,   2.62,   2.58,   2.49,   2.29,   2.2,   2.08,   1.94,   1.91,   1.83,   1.69,   1.63,   1.6,   1.6,   1.65,   1.67,   1.66,   1.56,   1.52,   1.47,   1.45,   1.43,   1.45,   1.45,   1.46,   1.51,   1.51,   1.5,   1.47,   1.42,   1.45,   1.39,   1.37,   1.34,   1.36,   1.33,   1.39,   1.38,   1.42,   1.41,   1.41,   1.39,   1.42,   1.4,   1.44,   1.43,   1.44,   1.44,   1.46,   1.49,   1.53,   1.52,   1.48,   1.46,   1.44,   1.48,
Belgium,   2.54,   2.63,   2.59,   2.68,   2.71,   2.61,   2.52,   2.41,   2.31,   2.27,   2.25,   2.21,   2.09,   1.95,   1.83,   1.74,   1.73,   1.71,   1.69,   1.69,   1.68,   1.66,   1.61,   1.57,   1.54,   1.51,   1.54,   1.54,   1.57,   1.58,   1.62,   1.66,   1.65,   1.61,   1.56,   1.56,   1.59,   1.6,   1.6,   1.62,   1.67,   1.67,   1.65,   1.67,   1.72,   1.76,   1.8,   1.82,   1.85,   1.84,   1.86,   1.81,   1.8,   1.76,   1.74,   1.7,   1.68,   1.65,   1.62,   1.6,   1.55,   1.6,
Canada,   3.9,   3.84,   3.76,   3.67,   3.5,   3.15,   2.81,   2.6,   2.45,   2.4,   2.33,   2.19,   2.02,   1.93,   1.82,   1.8,   1.76,   1.75,   1.7,   1.7,   1.68,   1.65,   1.64,   1.63,   1.63,   1.61,   1.59,   1.58,   1.6,   1.66,   1.71,   1.72,   1.71,   1.69,   1.69,   1.67,   1.63,   1.57,   1.56,   1.55,   1.51,   1.54,   1.52,   1.55,   1.56,   1.58,   1.63,   1.67,   1.7,   1.69,   1.65,   1.63,   1.63,   1.61,   1.61,   1.6,   1.59,   1.55,   1.51,   1.47,   1.41,   1.43,
Chile,   4.7,   4.66,   4.6,   4.54,   4.46,   4.36,   4.26,   4.14,   4.03,   3.9,   3.78,   3.65,   3.53,   3.41,   3.29,   3.18,   3.08,   2.98,   2.89,   2.81,   2.74,   2.69,   2.65,   2.62,   2.6,   2.59,   2.59,   2.59,   2.59,   2.59,   2.58,   2.56,   2.53,   2.48,   2.43,   2.37,   2.31,   2.24,   2.17,   2.11,   2.06,   2.01,   1.97,   1.94,   1.92,   1.91,   1.9,   1.9,   1.9,   1.89,   1.88,   1.82,   1.8,   1.79,   1.77,   1.74,   1.68,   1.6,   1.56,   1.55,   1.54,   1.54,
Colombia,   6.74,   6.71,   6.66,   6.58,   6.48,   6.33,   6.16,   5.96,   5.74,   5.51,   5.28,   5.06,   4.86,   4.68,   4.53,   4.4,   4.29,   4.18,   4.07,   3.97,   3.86,   3.74,   3.63,   3.53,   3.43,   3.34,   3.27,   3.21,   3.16,   3.12,   3.08,   3.05,   3.01,   2.97,   2.92,   2.86,   2.8,   2.74,   2.68,   2.63,   2.57,   2.52,   2.46,   2.4,   2.33,   2.26,   2.2,   2.14,   2.08,   2.03,   1.99,   1.96,   1.93,   1.91,   1.88,   1.86,   1.84,   1.82,   1.79,   1.77,   1.74,   1.72,
Costa Rica,   6.71,   6.65,   6.54,   6.39,   6.19,   5.96,   5.7,   5.42,   5.03,   4.84,   4.59,   4.36,   4.16,   3.99,   3.89,   3.8,   3.75,   3.7,   3.66,   3.65,   3.59,   3.56,   3.54,   3.53,   3.52,   3.51,   3.46,   3.4,   3.34,   3.27,   3.21,   3.12,   3.04,   2.96,   2.89,   2.8,   2.71,   2.64,   2.53,   2.48,   2.41,   2.33,   2.2,   2.14,   2.08,   2.04,   2.01,   2.01,   2.02,   1.98,   1.93,   1.9,   1.88,   1.84,   1.82,   1.79,   1.75,   1.74,   1.71,   1.63,   1.56,   1.53,
Czechia,   2.11,   2.13,   2.14,   2.33,   2.36,   2.18,   2.01,   1.9,   1.83,   1.86,   1.91,   1.98,   2.07,   2.29,   2.43,   2.4,   2.36,   2.32,   2.32,   2.29,   2.1,   2.02,   2.01,   1.96,   1.97,   1.96,   1.94,   1.91,   1.94,   1.87,   1.89,   1.86,   1.72,   1.67,   1.44,   1.28,   1.19,   1.17,   1.16,   1.13,   1.14,   1.15,   1.17,   1.18,   1.23,   1.28,   1.33,   1.44,   1.5,   1.49,   1.49,   1.43,   1.45,   1.46,   1.53,   1.57,   1.63,   1.69,   1.71,   1.71,   1.71,   1.83,
Denmark,   2.54,   2.55,   2.54,   2.64,   2.6,   2.61,   2.62,   2.35,   2.12,   2,   1.95,   2.04,   2.03,   1.92,   1.9,   1.92,   1.75,   1.66,   1.67,   1.6,   1.55,   1.44,   1.43,   1.38,   1.4,   1.45,   1.48,   1.5,   1.56,   1.62,   1.67,   1.68,   1.76,   1.75,   1.81,   1.81,   1.75,   1.76,   1.73,   1.74,   1.77,   1.75,   1.72,   1.76,   1.79,   1.8,   1.85,   1.84,   1.89,   1.84,   1.87,   1.75,   1.73,   1.67,   1.69,   1.71,   1.79,   1.75,   1.73,   1.7,   1.67,   1.72,   1.55
Estonia,   1.98,   1.98,   1.95,   1.89,   1.94,   1.88,   1.87,   1.9,   2.03,   2.13,   2.17,   2.19,   2.13,   2.06,   2.07,   2.04,   2.07,   2.06,   2.02,   2,   2.02,   2.07,   2.08,   2.16,   2.17,   2.12,   2.17,   2.26,   2.26,   2.22,   2.05,   1.8,   1.71,   1.49,   1.42,   1.38,   1.37,   1.32,   1.28,   1.3,   1.36,   1.32,   1.36,   1.36,   1.47,   1.52,   1.58,   1.69,   1.72,   1.7,   1.72,   1.61,   1.56,   1.52,   1.54,   1.58,   1.6,   1.59,   1.67,   1.66,   1.58,   1.61,
Finland,   2.71,   2.65,   2.66,   2.66,   2.58,   2.46,   2.4,   2.32,   2.15,   1.94,   1.83,   1.7,   1.59,   1.5,   1.62,   1.69,   1.72,   1.69,   1.65,   1.64,   1.63,   1.65,   1.72,   1.74,   1.7,   1.64,   1.6,   1.59,   1.7,   1.71,   1.79,   1.8,   1.85,   1.81,   1.85,   1.81,   1.76,   1.75,   1.71,   1.73,   1.73,   1.73,   1.72,   1.76,   1.8,   1.8,   1.84,   1.83,   1.85,   1.86,   1.87,   1.83,   1.8,   1.75,   1.71,   1.65,   1.57,   1.49,   1.41,   1.35,   1.37,   1.46,
France,   2.74,   2.82,   2.8,   2.9,   2.91,   2.85,   2.8,   2.67,   2.59,   2.53,   2.48,   2.5,   2.42,   2.31,   2.11,   1.93,   1.83,   1.86,   1.82,   1.86,   1.95,   1.95,   1.91,   1.78,   1.8,   1.81,   1.83,   1.8,   1.81,   1.79,   1.78,   1.77,   1.73,   1.66,   1.66,   1.71,   1.73,   1.73,   1.76,   1.79,   1.87,   1.88,   1.86,   1.87,   1.9,   1.92,   1.98,   1.95,   1.99,   1.99,   2.02,   2,   1.99,   1.97,   1.97,   1.93,   1.89,   1.86,   1.84,   1.83,   1.79,   1.8,
Germany,   2.37,   2.44,   2.44,   2.51,   2.53,   2.5,   2.51,   2.45,   2.36,   2.21,   2.03,   1.97,   1.74,   1.56,   1.53,   1.48,   1.51,   1.51,   1.5,   1.5,   1.56,   1.53,   1.51,   1.43,   1.39,   1.37,   1.41,   1.43,   1.46,   1.42,   1.45,   1.33,   1.29,   1.28,   1.24,   1.25,   1.32,   1.37,   1.36,   1.36,   1.38,   1.35,   1.34,   1.34,   1.36,   1.34,   1.33,   1.37,   1.38,   1.36,   1.39,   1.39,   1.41,   1.42,   1.47,   1.5,   1.59,   1.57,   1.57,   1.54,   1.53,   1.58,
Greece,   2.23,   2.13,   2.16,   2.14,   2.24,   2.25,   2.32,   2.45,   2.42,   2.36,   2.4,   2.32,   2.32,   2.27,   2.38,   2.33,   2.35,   2.27,   2.28,   2.26,   2.23,   2.1,   2.03,   1.94,   1.82,   1.68,   1.6,   1.5,   1.5,   1.4,   1.39,   1.37,   1.36,   1.32,   1.33,   1.28,   1.26,   1.27,   1.24,   1.23,   1.25,   1.25,   1.28,   1.29,   1.31,   1.34,   1.4,   1.41,   1.5,   1.5,   1.48,   1.4,   1.34,   1.29,   1.3,   1.33,   1.38,   1.35,   1.35,   1.34,   1.39,   1.43,
Hungary,   2.02,   1.94,   1.79,   1.82,   1.8,   1.81,   1.88,   2.01,   2.06,   2.04,   1.97,   1.92,   1.93,   1.95,   2.3,   2.38,   2.26,   2.17,   2.08,   2.02,   1.92,   1.88,   1.78,   1.73,   1.73,   1.83,   1.83,   1.81,   1.79,   1.78,   1.84,   1.86,   1.77,   1.69,   1.64,   1.57,   1.46,   1.38,   1.33,   1.29,   1.33,   1.31,   1.31,   1.28,   1.28,   1.32,   1.35,   1.32,   1.35,   1.33,   1.26,   1.24,   1.34,   1.34,   1.41,   1.44,   1.49,   1.49,   1.49,   1.49,   1.56,   1.59,   1.52
Iceland,   4.26,   3.88,   3.98,   3.98,   3.86,   3.71,   3.58,   3.28,   3.07,   2.99,   2.81,   2.92,   3.09,   2.95,   2.66,   2.65,   2.52,   2.31,   2.35,   2.49,   2.48,   2.33,   2.26,   2.24,   2.08,   1.93,   1.93,   2.07,   2.27,   2.2,   2.31,   2.19,   2.21,   2.22,   2.14,   2.08,   2.12,   2.04,   2.05,   1.99,   2.08,   1.95,   1.93,   1.99,   2.03,   2.05,   2.07,   2.09,   2.14,   2.22,   2.2,   2.02,   2.04,   1.93,   1.93,   1.81,   1.75,   1.71,   1.71,   1.75,   1.72,   1.82,
Ireland,   3.76,   3.79,   3.92,   4.01,   4.06,   4.03,   3.95,   3.84,   3.78,   3.85,   3.87,   3.98,   3.88,   3.74,   3.62,   3.4,   3.31,   3.27,   3.24,   3.23,   3.23,   3.07,   2.96,   2.76,   2.59,   2.5,   2.44,   2.31,   2.17,   2.08,   2.12,   2.09,   1.99,   1.91,   1.85,   1.85,   1.89,   1.94,   1.95,   1.91,   1.9,   1.96,   1.98,   1.98,   1.95,   1.88,   1.94,   2.01,   2.06,   2.06,   2.05,   2.03,   1.98,   1.93,   1.89,   1.85,   1.82,   1.78,   1.75,   1.7,   1.63,   1.72,
Israel,   3.95,   3.8,   3.77,   3.81,   3.93,   3.99,   3.89,   3.64,   3.82,   3.83,   3.97,   3.94,   3.71,   3.68,   3.71,   3.68,   3.7,   3.47,   3.28,   3.21,   3.14,   3.06,   3.12,   3.21,   3.13,   3.12,   3.09,   3.05,   3.06,   3.03,   3.02,   2.91,   2.93,   2.92,   2.9,   2.88,   2.94,   2.93,   2.98,   2.94,   2.95,   2.89,   2.89,   2.95,   2.9,   2.84,   2.88,   2.9,   2.96,   2.96,   3.03,   3,   3.05,   3.03,   3.08,   3.09,   3.11,   3.11,   3.09,   3.01,   2.9,   3,
Italy,   2.41,   2.41,   2.46,   2.56,   2.7,   2.67,   2.63,   2.54,   2.49,   2.51,   2.42,   2.41,   2.36,   2.34,   2.33,   2.21,   2.11,   1.97,   1.87,   1.76,   1.68,   1.6,   1.6,   1.54,   1.48,   1.45,   1.37,   1.35,   1.38,   1.35,   1.36,   1.33,   1.32,   1.26,   1.22,   1.19,   1.22,   1.23,   1.21,   1.23,   1.26,   1.25,   1.27,   1.29,   1.34,   1.33,   1.37,   1.39,   1.44,   1.44,   1.44,   1.42,   1.42,   1.39,   1.38,   1.36,   1.36,   1.34,   1.31,   1.27,   1.24,   1.25,
Japan,   2,   1.96,   1.98,   2,   2.05,   2.14,   1.58,   2.23,   2.13,   2.13,   2.13,   2.16,   2.14,   2.14,   2.05,   1.91,   1.85,   1.8,   1.79,   1.77,   1.75,   1.74,   1.77,   1.8,   1.81,   1.76,   1.72,   1.69,   1.66,   1.57,   1.54,   1.53,   1.5,   1.46,   1.5,   1.42,   1.43,   1.39,   1.38,   1.34,   1.36,   1.33,   1.32,   1.29,   1.29,   1.26,   1.32,   1.34,   1.37,   1.37,   1.39,   1.39,   1.41,   1.43,   1.42,   1.45,   1.44,   1.43,   1.42,   1.36,   1.33,   1.3,
Korea,   6,   5.8,   5.6,   5.4,   5.2,   5,   4.8,   4.66,   4.52,   4.53,   4.53,   4.54,   4.12,   4.07,   3.77,   3.43,   3,   2.99,   2.64,   2.9,   2.82,   2.57,   2.39,   2.06,   1.74,   1.66,   1.58,   1.53,   1.55,   1.56,   1.57,   1.71,   1.76,   1.65,   1.66,   1.63,   1.57,   1.54,   1.46,   1.43,   1.48,   1.31,   1.18,   1.19,   1.16,   1.09,   1.13,   1.26,   1.19,   1.15,   1.23,   1.24,   1.3,   1.19,   1.21,   1.24,   1.17,   1.05,   0.98,   0.92,   0.84,   0.81,
Latvia,   1.94,   1.94,   1.91,   1.85,   1.79,   1.74,   1.76,   1.8,   1.83,   1.88,   2.02,   2.04,   2.03,   1.96,   2,   1.97,   1.93,   1.89,   1.87,   1.87,   1.9,   1.9,   1.98,   2.13,   2.15,   2.09,   2.21,   2.21,   2.16,   2.05,   2.01,   1.86,   1.73,   1.51,   1.39,   1.26,   1.16,   1.11,   1.1,   1.18,   1.25,   1.22,   1.26,   1.32,   1.29,   1.39,   1.46,   1.54,   1.58,   1.46,   1.36,   1.33,   1.44,   1.52,   1.65,   1.7,   1.74,   1.69,   1.6,   1.61,   1.55,   1.57,
Lithuania,   2.4,   2.4,   2.4,   2.4,   2.4,   2.4,   2.4,   2.4,   2.4,   2.4,   2.4,   2.41,   2.34,   2.22,   2.21,   2.18,   2.18,   2.14,   2.08,   2.05,   1.99,   1.98,   1.97,   2.1,   2.07,   2.08,   2.12,   2.11,   2.02,   1.98,   2.03,   2.01,   1.97,   1.74,   1.57,   1.55,   1.49,   1.47,   1.46,   1.46,   1.39,   1.29,   1.23,   1.26,   1.27,   1.29,   1.33,   1.36,   1.45,   1.5,   1.5,   1.55,   1.6,   1.59,   1.63,   1.7,   1.69,   1.63,   1.63,   1.61,   1.48,   1.36,
Luxembourg,   2.28,   2.33,   2.35,   2.33,   2.38,   2.42,   2.37,   2.25,   2.13,   2.02,   1.98,   1.96,   1.75,   1.58,   1.58,   1.55,   1.48,   1.49,   1.47,   1.47,   1.5,   1.55,   1.49,   1.44,   1.42,   1.38,   1.44,   1.39,   1.51,   1.52,   1.62,   1.6,   1.67,   1.69,   1.72,   1.67,   1.76,   1.71,   1.67,   1.71,   1.78,   1.66,   1.63,   1.62,   1.66,   1.62,   1.64,   1.61,   1.6,   1.59,   1.63,   1.51,   1.57,   1.55,   1.5,   1.47,   1.41,   1.39,   1.38,   1.34,   1.36,   1.38,
Mexico,   6.77,   6.76,   6.76,   6.75,   6.75,   6.76,   6.77,   6.79,   6.81,   6.83,   6.83,   6.79,   6.7,   6.56,   6.37,   6.13,   5.86,   5.59,   5.32,   5.06,   4.84,   4.64,   4.46,   4.3,   4.15,   4.02,   3.9,   3.79,   3.68,   3.57,   3.47,   3.37,   3.27,   3.18,   3.1,   3.02,   2.95,   2.88,   2.82,   2.77,   2.72,   2.67,   2.62,   2.58,   2.54,   2.5,   2.46,   2.42,   2.39,   2.36,   2.34,   2.32,   2.29,   2.27,   2.21,   2.14,   2.09,   2.04,   2,   1.92,   1.91,   1.82,
Netherlands,   3.12,   3.22,   3.18,   3.19,   3.17,   3.04,   2.9,   2.81,   2.72,   2.75,   2.57,   2.36,   2.15,   1.9,   1.77,   1.66,   1.63,   1.58,   1.58,   1.56,   1.6,   1.56,   1.5,   1.47,   1.49,   1.51,   1.55,   1.56,   1.55,   1.55,   1.62,   1.61,   1.59,   1.57,   1.57,   1.53,   1.53,   1.56,   1.63,   1.65,   1.72,   1.71,   1.73,   1.75,   1.73,   1.71,   1.72,   1.72,   1.77,   1.79,   1.8,   1.76,   1.72,   1.68,   1.71,   1.66,   1.66,   1.62,   1.59,   1.57,   1.54,   1.62,
New Zealand,   4.24,   4.31,   4.19,   4.05,   3.8,   3.54,   3.41,   3.35,   3.34,   3.28,   3.17,   3.18,   3,   2.76,   2.58,   2.37,   2.27,   2.21,   2.07,   2.12,   2.03,   2.01,   1.95,   1.92,   1.93,   1.93,   1.96,   2.03,   2.1,   2.12,   2.18,   2.09,   2.06,   2.04,   1.98,   1.98,   1.96,   1.96,   1.89,   1.97,   1.98,   1.97,   1.89,   1.93,   1.98,   1.97,   2.01,   2.18,   2.19,   2.13,   2.17,   2.09,   2.1,   2.01,   1.92,   1.99,   1.87,   1.81,   1.71,   1.72,   1.61,   1.64,
Norway,   2.91,   2.94,   2.91,   2.93,   2.98,   2.94,   2.9,   2.81,   2.75,   2.69,   2.5,   2.49,   2.38,   2.23,   2.13,   1.98,   1.86,   1.75,   1.77,   1.75,   1.72,   1.7,   1.71,   1.66,   1.66,   1.68,   1.71,   1.75,   1.84,   1.89,   1.93,   1.92,   1.89,   1.86,   1.87,   1.87,   1.89,   1.86,   1.81,   1.85,   1.85,   1.78,   1.75,   1.8,   1.83,   1.84,   1.9,   1.9,   1.96,   1.98,   1.95,   1.88,   1.85,   1.78,   1.76,   1.73,   1.71,   1.62,   1.56,   1.53,   1.48,   1.55,   1.41
Poland,   2.98,   2.83,   2.72,   2.7,   2.57,   2.52,   2.34,   2.33,   2.24,   2.2,   2.2,   2.25,   2.24,   2.26,   2.26,   2.27,   2.3,   2.23,   2.21,   2.28,   2.28,   2.24,   2.34,   2.42,   2.37,   2.33,   2.22,   2.15,   2.13,   2.07,   1.99,   1.98,   1.85,   1.77,   1.72,   1.55,   1.53,   1.47,   1.41,   1.37,   1.37,   1.32,   1.25,   1.22,   1.23,   1.24,   1.27,   1.31,   1.39,   1.4,   1.38,   1.3,   1.3,   1.26,   1.29,   1.29,   1.36,   1.45,   1.44,   1.42,   1.39,   1.33,
Portugal,   3.1,   3.16,   3.21,   3.11,   3.21,   3.14,   3.12,   3.08,   3,   2.95,   2.83,   2.78,   2.69,   2.65,   2.6,   2.58,   2.58,   2.48,   2.28,   2.17,   2.18,   2.13,   2.07,   1.95,   1.9,   1.72,   1.66,   1.62,   1.62,   1.58,   1.56,   1.56,   1.53,   1.51,   1.44,   1.41,   1.44,   1.47,   1.48,   1.51,   1.56,   1.46,   1.47,   1.44,   1.41,   1.42,   1.38,   1.35,   1.4,   1.35,   1.39,   1.35,   1.29,   1.21,   1.23,   1.31,   1.36,   1.38,   1.42,   1.43,   1.41,   1.35,
Slovak Republic,   3.07,   2.96,   2.83,   2.93,   2.91,   2.8,   2.67,   2.49,   2.4,   2.43,   2.4,   2.43,   2.49,   2.56,   2.6,   2.53,   2.52,   2.47,   2.45,   2.44,   2.31,   2.28,   2.27,   2.27,   2.25,   2.25,   2.2,   2.14,   2.15,   2.08,   2.09,   2.05,   1.99,   1.93,   1.67,   1.52,   1.47,   1.43,   1.37,   1.33,   1.29,   1.2,   1.19,   1.2,   1.24,   1.25,   1.24,   1.25,   1.32,   1.41,   1.4,   1.45,   1.34,   1.34,   1.37,   1.4,   1.48,   1.52,   1.54,   1.57,   1.59,   1.63,
Slovenia,   2.18,   2.26,   2.27,   2.28,   2.32,   2.45,   2.48,   2.38,   2.28,   2.17,   2.21,   2.16,   2.14,   2.18,   2.1,   2.16,   2.17,   2.16,   2.19,   2.22,   2.11,   1.96,   1.93,   1.82,   1.75,   1.72,   1.65,   1.64,   1.63,   1.52,   1.46,   1.42,   1.34,   1.33,   1.32,   1.29,   1.28,   1.25,   1.23,   1.21,   1.26,   1.21,   1.21,   1.2,   1.25,   1.26,   1.31,   1.38,   1.53,   1.53,   1.57,   1.56,   1.58,   1.55,   1.58,   1.57,   1.58,   1.62,   1.6,   1.61,   1.59,   1.64,
Spain,   2.86,   2.76,   2.8,   2.88,   3.01,   2.94,   2.99,   3.03,   2.96,   2.93,   2.9,   2.88,   2.86,   2.84,   2.89,   2.8,   2.8,   2.67,   2.55,   2.37,   2.22,   2.04,   1.94,   1.8,   1.73,   1.64,   1.56,   1.5,   1.45,   1.4,   1.36,   1.33,   1.32,   1.27,   1.2,   1.17,   1.16,   1.18,   1.16,   1.19,   1.23,   1.24,   1.25,   1.3,   1.31,   1.33,   1.36,   1.38,   1.45,   1.38,   1.37,   1.34,   1.32,   1.27,   1.32,   1.33,   1.34,   1.31,   1.26,   1.23,   1.19,   1.19,
Sweden,   2.2,   2.23,   2.26,   2.34,   2.48,   2.42,   2.36,   2.27,   2.07,   1.93,   1.94,   1.96,   1.91,   1.86,   1.87,   1.77,   1.68,   1.64,   1.6,   1.66,   1.68,   1.63,   1.62,   1.61,   1.65,   1.73,   1.79,   1.84,   1.96,   2.02,   2.14,   2.12,   2.09,   2,   1.89,   1.74,   1.61,   1.53,   1.51,   1.5,   1.55,   1.57,   1.65,   1.72,   1.75,   1.77,   1.85,   1.88,   1.91,   1.94,   1.98,   1.9,   1.91,   1.89,   1.88,   1.85,   1.85,   1.78,   1.75,   1.7,   1.66,   1.67,
Switzerland,   2.44,   2.53,   2.6,   2.67,   2.68,   2.61,   2.52,   2.41,   2.3,   2.19,   2.1,   2.04,   1.91,   1.81,   1.73,   1.61,   1.55,   1.53,   1.51,   1.52,   1.55,   1.55,   1.56,   1.52,   1.53,   1.52,   1.53,   1.52,   1.57,   1.56,   1.59,   1.58,   1.58,   1.51,   1.49,   1.48,   1.5,   1.48,   1.47,   1.48,   1.5,   1.38,   1.39,   1.39,   1.42,   1.42,   1.44,   1.46,   1.48,   1.5,   1.54,   1.52,   1.53,   1.52,   1.54,   1.54,   1.54,   1.52,   1.52,   1.48,   1.46,   1.51,
Türkiye,   6.4,   6.33,   6.26,   6.19,   6.01,   5.84,   5.66,   5.49,   5.31,   5.18,   5,   5,   5,   5.59,   5.46,   5.32,   5.19,   4.9,   5.05,   4.84,   4.63,   4.41,   4.2,   4.11,   3.93,   3.76,   3.58,   3.4,   3.29,   3.39,   3.07,   3,   2.93,   2.87,   2.81,   2.75,   2.69,   2.63,   2.56,   2.48,   2.27,   2.37,   2.17,   2.09,   2.11,   2.12,   2.12,   2.16,   2.15,   2.1,   2.08,   2.05,   2.11,   2.11,   2.18,   2.15,   2.11,   2.07,   1.99,   1.88,   1.76,   1.7,
United Kingdom,   2.72,   2.8,   2.88,   2.92,   2.97,   2.89,   2.79,   2.69,   2.6,   2.51,   2.43,   2.4,   2.2,   2.04,   1.92,   1.81,   1.74,   1.69,   1.75,   1.86,   1.9,   1.82,   1.78,   1.77,   1.77,   1.79,   1.78,   1.81,   1.82,   1.79,   1.83,   1.82,   1.79,   1.76,   1.74,   1.71,   1.73,   1.72,   1.71,   1.68,   1.64,   1.63,   1.63,   1.7,   1.75,   1.76,   1.82,   1.86,   1.91,   1.89,   1.92,   1.91,   1.92,   1.83,   1.81,   1.8,   1.79,   1.74,   1.68,   1.63,   1.56,   1.53,
United States,   3.65,   3.62,   3.46,   3.32,   3.19,   2.91,   2.72,   2.56,   2.46,   2.46,   2.48,   2.27,   2.01,   1.88,   1.84,   1.77,   1.74,   1.79,   1.76,   1.81,   1.84,   1.81,   1.83,   1.8,   1.81,   1.84,   1.84,   1.87,   1.93,   2.01,   2.08,   2.06,   2.05,   2.02,   2,   1.98,   1.98,   1.97,   2,   2.01,   2.06,   2.03,   2.01,   2.04,   2.05,   2.06,   2.11,   2.12,   2.07,   2,   1.93,   1.89,   1.88,   1.86,   1.86,   1.84,   1.82,   1.77,   1.73,   1.71,   1.64,   1.66,
OECD - Average,   3.34,   3.33,   3.3,   3.3,   3.28,   3.2,   3.1,   3.03,   2.95,   2.89,   2.84,   2.8,   2.71,   2.63,   2.58,   2.5,   2.43,   2.36,   2.31,   2.29,   2.25,   2.19,   2.15,   2.11,   2.06,   2.03,   2.01,   1.99,   2,   1.98,   1.98,   1.95,   1.92,   1.86,   1.81,   1.77,   1.75,   1.72,   1.7,   1.69,   1.7,   1.66,   1.65,   1.66,   1.67,   1.67,   1.7,   1.73,   1.76,   1.75,   1.75,   1.71,   1.71,   1.68,   1.69,   1.68,   1.68,   1.65,   1.63,   1.6,   1.56,   1.58,
European Union,   2.62,   2.62,   2.61,   2.65,   2.67,   2.62,   2.58,   2.53,   2.45,   2.41,   2.37,   2.36,   2.29,   2.23,   2.23,   2.18,   2.14,   2.09,   2.05,   2.03,   2,   1.95,   1.93,   1.89,   1.87,   1.84,   1.84,   1.82,   1.83,   1.79,   1.78,   1.73,   1.7,   1.62,   1.56,   1.51,   1.5,   1.48,   1.45,   1.45,   1.47,   1.44,   1.43,   1.45,   1.47,   1.48,   1.51,   1.53,   1.59,   1.59,   1.58,   1.54,   1.54,   1.51,   1.54,   1.54,   1.56,   1.55,   1.54,   1.52,   1.5,   1.53,
Argentina,   3.11,   3.1,   3.09,   3.08,   3.07,   3.06,   3.05,   3.05,   3.05,   3.06,   3.08,   3.11,   3.15,   3.2,   3.25,   3.3,   3.34,   3.36,   3.36,   3.34,   3.3,   3.25,   3.2,   3.16,   3.12,   3.1,   3.08,   3.06,   3.04,   3.02,   3,   2.97,   2.93,   2.88,   2.83,   2.77,   2.72,   2.67,   2.62,   2.58,   2.54,   2.51,   2.49,   2.46,   2.44,   2.42,   2.4,   2.38,   2.37,   2.36,   2.35,   2.34,   2.33,   2.32,   2.31,   2.3,   2.24,   2.17,   2.04,   1.99,   1.91,   1.89,
Brazil,   6.06,   6.03,   5.98,   5.91,   5.82,   5.7,   5.57,   5.42,   5.27,   5.12,   4.97,   4.84,   4.71,   4.6,   4.5,   4.42,   4.34,   4.27,   4.2,   4.12,   4.04,   3.94,   3.84,   3.72,   3.6,   3.47,   3.34,   3.23,   3.11,   3.01,   2.91,   2.82,   2.72,   2.67,   2.62,   2.58,   2.52,   2.47,   2.41,   2.33,   2.26,   2.18,   2.1,   2.02,   2,   1.97,   1.93,   1.88,   1.84,   1.83,   1.81,   1.8,   1.77,   1.75,   1.77,   1.78,   1.71,   1.74,   1.75,   1.7,   1.65,   1.64,
Bulgaria,   2.31,   2.29,   2.24,   2.21,   2.19,   2.09,   2.03,   2.02,   2.27,   2.27,   2.17,   2.1,   2.03,   2.15,   2.29,   2.23,   2.24,   2.21,   2.15,   2.16,   2.05,   2,   2.01,   2.01,   2.01,   1.97,   2.02,   1.96,   1.97,   1.9,   1.82,   1.66,   1.55,   1.46,   1.37,   1.23,   1.23,   1.09,   1.11,   1.23,   1.26,   1.21,   1.21,   1.23,   1.29,   1.32,   1.38,   1.49,   1.56,   1.66,   1.57,   1.51,   1.5,   1.48,   1.53,   1.53,   1.54,   1.56,   1.56,   1.58,   1.56,   1.58,
China (People's Republic of),   4.45,   3.86,   6.09,   7.51,   6.67,   6.61,   6.31,   5.81,   6.51,   6.18,   6.09,   5.52,   5.11,   4.73,   4.17,   3.57,   3.24,   2.84,   2.72,   2.75,   2.74,   2.79,   2.97,   2.56,   2.61,   2.63,   2.72,   2.76,   2.54,   2.52,   2.51,   1.93,   1.78,   1.69,   1.63,   1.59,   1.55,   1.53,   1.52,   1.53,   1.63,   1.56,   1.57,   1.57,   1.61,   1.62,   1.64,   1.67,   1.7,   1.71,   1.69,   1.67,   1.8,   1.71,   1.77,   1.67,   1.77,   1.81,   1.55,   1.5,   1.28,   1.16,
Croatia,   2.2,   2.19,   2.17,   2.12,   2.12,   2.21,   2.21,   2.07,   1.99,   1.91,   1.83,   1.95,   1.97,   1.98,   1.95,   1.92,   1.9,   1.91,   1.92,   1.94,   1.92,   1.91,   1.9,   1.88,   1.87,   1.81,   1.76,   1.74,   1.74,   1.67,   1.67,   1.55,   1.39,   1.43,   1.43,   1.5,   1.64,   1.69,   1.45,   1.38,   1.39,   1.46,   1.42,   1.41,   1.43,   1.5,   1.47,   1.48,   1.55,   1.58,   1.55,   1.48,   1.51,   1.46,   1.46,   1.4,   1.42,   1.42,   1.47,   1.47,   1.48,   1.58,
Cyprus,,,,,,,,,,,,,,,,,,,,,,,   2.48,   2.5,   2.52,   2.43,   2.46,   2.38,   2.49,   2.36,   2.41,   2.32,   2.48,   2.24,   2.17,   2.03,   1.95,   1.86,   1.76,   1.67,   1.64,   1.57,   1.49,   1.51,   1.52,   1.48,   1.52,   1.44,   1.48,   1.47,   1.44,   1.35,   1.39,   1.3,   1.31,   1.32,   1.37,   1.32,   1.32,   1.33,   1.36,   1.39,
India,   5.91,   5.9,   5.89,   5.88,   5.86,   5.83,   5.79,   5.75,   5.7,   5.65,   5.59,   5.52,   5.44,   5.36,   5.28,   5.19,   5.11,   5.03,   4.96,   4.89,   4.83,   4.77,   4.7,   4.64,   4.56,   4.48,   4.4,   4.31,   4.22,   4.13,   4.05,   3.96,   3.88,   3.8,   3.72,   3.65,   3.58,   3.51,   3.45,   3.38,   3.35,   3.3,   3.22,   3.12,   3.05,   2.96,   2.86,   2.78,   2.72,   2.67,   2.6,   2.54,   2.47,   2.41,   2.31,   2.29,   2.27,   2.2,   2.18,   2.11,   2.05,   2.03,
Indonesia,   5.55,   5.57,   5.59,   5.6,   5.61,   5.62,   5.6,   5.58,   5.54,   5.51,   5.45,   5.36,   5.29,   5.22,   5.09,   5.04,   4.92,   4.81,   4.72,   4.61,   4.49,   4.36,   4.25,   4.1,   3.94,   3.71,   3.53,   3.42,   3.33,   3.22,   3.1,   3.06,   2.94,   2.88,   2.84,   2.8,   2.77,   2.74,   2.66,   2.58,   2.54,   2.5,   2.46,   2.43,   2.42,   2.43,   2.45,   2.49,   2.48,   2.46,   2.45,   2.5,   2.49,   2.43,   2.39,   2.35,   2.31,   2.26,   2.23,   2.22,   2.19,   2.17,
Malta,,,,,,,,,,,,,,,,,,,,,   1.99,   1.87,   2.04,   1.97,   1.97,   1.99,   1.94,   1.97,   2.1,   2.11,   2.05,   2.1,   2.12,   2.01,   1.89,   1.82,   2.01,   1.95,   1.81,   1.72,   1.69,   1.5,   1.45,   1.48,   1.4,   1.38,   1.36,   1.35,   1.43,   1.42,   1.36,   1.45,   1.42,   1.36,   1.38,   1.37,   1.37,   1.26,   1.23,   1.14,   1.13,   1.13,
Peru,   6.94,   6.92,   6.9,   6.86,   6.81,   6.75,   6.68,   6.6,   6.51,   6.42,   6.32,   6.21,   6.09,   5.97,   5.84,   5.71,   5.58,   5.44,   5.31,   5.17,   5.04,   4.92,   4.8,   4.68,   4.57,   4.46,   4.35,   4.25,   4.14,   4.03,   3.91,   3.79,   3.67,   3.55,   3.43,   3.32,   3.2,   3.1,   3,   2.92,   2.85,   2.74,   2.69,   2.66,   2.67,   2.69,   2.69,   2.67,   2.63,   2.61,   2.57,   2.54,   2.49,   2.43,   2.38,   2.34,   2.31,   2.28,   2.26,   2.24,   2.22,   2.19,
Romania,,,,,,,,,,,,,,,,   2.59,   2.54,   2.57,   2.52,   2.49,   2.43,   2.36,   2.17,   2.06,   2.26,   2.31,   2.39,   2.38,   2.3,   2.22,   1.83,   1.59,   1.51,   1.43,   1.4,   1.33,   1.3,   1.32,   1.32,   1.3,   1.31,   1.27,   1.27,   1.3,   1.33,   1.4,   1.42,   1.45,   1.6,   1.66,   1.59,   1.47,   1.52,   1.41,   1.52,   1.58,   1.64,   1.71,   1.76,   1.77,   1.8,   1.81,
Russia,   2.52,   2.45,   2.36,   2.27,   2.18,   2.13,   2.1,   2.04,   1.99,   1.97,   1.99,   2.03,   2.04,   2.01,   2,   1.98,   1.97,   1.95,   1.92,   1.9,   1.89,   1.91,   2.04,   2.11,   2.06,   2.05,   2.15,   2.22,   2.12,   2.01,   1.89,   1.73,   1.55,   1.39,   1.4,   1.34,   1.27,   1.22,   1.23,   1.16,   1.2,   1.22,   1.29,   1.32,   1.34,   1.29,   1.31,   1.42,   1.5,   1.54,   1.57,   1.58,   1.69,   1.71,   1.75,   1.78,   1.76,   1.62,   1.58,   1.5,   1.51,   1.49,
Saudi Arabia,   7.63,   7.63,   7.64,   7.65,   7.67,   7.66,   7.66,   7.66,   7.63,   7.6,   7.58,   7.56,   7.54,   7.48,   7.43,   7.37,   7.33,   7.3,   7.26,   7.23,   7.19,   7.13,   7.05,   6.95,   6.84,   6.7,   6.55,   6.36,   6.17,   6,   5.83,   5.66,   5.49,   5.32,   5.14,   4.95,   4.77,   4.59,   4.42,   4.25,   4.12,   3.91,   3.71,   3.5,   3.34,   3.24,   3.21,   3.18,   3.06,   2.95,   2.85,   2.81,   2.78,   2.74,   2.69,   2.64,   2.59,   2.58,   2.55,   2.5,   2.47,   2.43,
South Africa,   6.16,   6.14,   6.11,   6.08,   6.03,   5.97,   5.91,   5.85,   5.78,   5.72,   5.63,   5.57,   5.49,   5.41,   5.3,   5.19,   5.07,   4.94,   4.85,   4.82,   4.78,   4.71,   4.7,   4.63,   4.57,   4.5,   4.41,   4.35,   4.18,   3.98,   3.72,   3.62,   3.48,   3.37,   3.26,   3.17,   2.99,   2.73,   2.63,   2.56,   2.41,   2.37,   2.32,   2.36,   2.44,   2.51,   2.55,   2.55,   2.68,   2.5,   2.44,   2.44,   2.45,   2.43,   2.42,   2.36,   2.26,   2.33,   2.42,   2.48,   2.4,   2.37,
